"bzip2 DATA",
"PROGRAM","LEVEL","BYTES","C_BYTES","BPS_original","BPS_final","GAIN","C_TIME(s)","C_RAM(GB)","D_TIME(s)","D_MEM(GB)","DIFF","RUN"
bzip2_synthetic,1,11662542000,3254668875,2.232,2.232,0,935.28,2304,365.62,1792,0,0
bzip2_synthetic-fasta_analysis,1,11662542000,2900060922,2.232,1.989,10.900,958.79,2432,340.48,1792,0,0
bzip2_synthetic,4,11662542000,2898887424,1.988,1.988,0,968.27,4352,387.75,2944,0,0
bzip2_synthetic-fasta_analysis,4,11662542000,1443498926,1.988,.990,50.300,1074.44,4736,349.93,2944,0,0
bzip2_synthetic,7,11662542000,2555784417,1.753,1.753,0,954.82,6400,379.07,4096,0,0
bzip2_synthetic-fasta_analysis,7,11662542000,1020920467,1.753,.700,60.100,1220.80,7040,289.27,4096,0,0
bzip2_synthetic,9,11662542000,2358645181,1.617,1.617,0,955.37,7808,369.54,4864,0,0
bzip2_synthetic-fasta_analysis,9,11662542000,893610937,1.617,.612,62.200,1318.94,8576,285.01,4864,0,0
