"gzip DATA",
"PROGRAM","LEVEL","BYTES","C_BYTES","BPS_original","BPS_final","GAIN","C_TIME(s)","C_RAM(GB)","D_TIME(s)","D_MEM(GB)","DIFF","RUN"
gzip_synthetic,1,11662542000,4060430415,2.785,2.785,0,237.10,2176,91.64,1792,0,0
gzip_synthetic-fasta_analysis,1,11662542000,4039145440,2.785,2.770,.600,246.99,2176,92.38,1792,0,0
gzip_synthetic,4,11662542000,3765687085,2.583,2.583,0,352.06,2176,85.13,1792,0,0
gzip_synthetic-fasta_analysis,4,11662542000,3637150553,2.583,2.494,3.500,342.95,2176,79.32,1792,0,0
gzip_synthetic,7,11662542000,3512161550,2.409,2.409,0,4236.85,2176,70.79,1792,0,0
gzip_synthetic-fasta_analysis,7,11662542000,3281137723,2.409,2.250,6.600,3929.48,2176,70.51,1792,0,0
gzip_synthetic,9,11662542000,3370152647,2.311,2.311,0,9373.18,2176,65.88,1792,0,0
gzip_synthetic-fasta_analysis,9,11662542000,3132249880,2.311,2.148,7.100,8685.94,2176,65.64,1792,0,0
